Actual_Units,Predicted_Units,Units_Reduced,Reduction_Percentage,Cost_Before,Cost_After,Cost_Avoided
432.130242306,427.49368,4.636559444671889,1.0729541676901773,3457.041938448,3419.9495,37.09247555737511
